{
  "project_info": {
    "project_number": "370805026629",
    "project_id": "todolist-de4c4",
    "storage_bucket": "todolist-de4c4.appspot.com"
  },
  "client": [
    {
      "client_info": {
        "mobilesdk_app_id": "1:370805026629:android:88c5228d7e77463f38d82c",
        "android_client_info": {
          "package_name": "com.ToDoList"
        }
      },
      "oauth_client": [
        {
          "client_id": "370805026629-gnan823bat6b3u2h8ue19ggv5n2m6sol.apps.googleusercontent.com",
          "client_type": 3
        }
      ],
      "api_key": [
        {
          "current_key": "AIzaSyBBngyfDSJYCaZvB6rRDMHjFNGU1mWcrQk"
        }
      ],
      "services": {
        "appinvite_service": {
          "other_platform_oauth_client": [
            {
              "client_id": "370805026629-gnan823bat6b3u2h8ue19ggv5n2m6sol.apps.googleusercontent.com",
              "client_type": 3
            }
          ]
        }
      }
    }
  ],
  "configuration_version": "1"
}