{
  "string": [
    {
      "name": "app_name",
      "value": "HarmonyAssignment1"
    },
    {
      "name": "mainability_description",
      "value": "JS_Phone_Empty Feature Ability"
    },
    {
      "name": "login",
      "value": "Login Ability"
    },
    {"name": "signup",
      "value": "SignUp Ability"
    },
    {
      "name": "login_button",
      "value": "Login"
    },
    {"name": "signup_button",
      "value": "Signup"
    },
    {
      "name": "first_name_hint",
      "value": "First name"
    },
    {
      "name": "last_name_hint",
      "value": "Last name"
    },
    {
      "name": "first_name_error_text",
      "value": "Invalid first name- it can't be alphanumeric"
    },
    {
      "name": "last_name_error_text",
      "value": "Invalid last name- it can't be alphanumeric"
    },
    {
      "name": "email",
      "value": "Email"
    },
    {
      "name": "email_error_text",
      "value": "Incorrect email format"
    },
    {
      "name": "password",
      "value": "Password"
    },
    {
      "name": "password_error_text",
      "value": "Weak password- must contain at least 5 characters"
    },
    {
      "name": "mobile",
      "value": "Mobile"
    },
    {
      "name": "mobile_error_text",
      "value": "Invalid phone number format"
    },
    {
      "name": "gender",
      "value": "Gender"
    },
    {
      "name": "radio_male",
      "value": "Male"
    },
    {
      "name": "radio_female",
      "value": "Female"
    },
    {
      "name": "submit_error",
      "value": "Error in signing up"
    },
    {
      "name": "error_select_gender",
      "value": "Please select gender"
    },
    {
      "name": "submit_success",
      "value": "Signup successful"
    }


  ]
}