{
  "project_info": {
    "project_number": "461428850551",
    "project_id": "onestoplogin",
    "storage_bucket": "onestoplogin.appspot.com"
  },
  "client": [
    {
      "client_info": {
        "mobilesdk_app_id": "1:461428850551:android:cc7f56000fe044e0ba6b72",
        "android_client_info": {
          "package_name": "com.example.onestoplogin"
        }
      },
      "oauth_client": [
        {
          "client_id": "461428850551-novta78pnpfukgio83rqbvuthd0peru1.apps.googleusercontent.com",
          "client_type": 1,
          "android_info": {
            "package_name": "com.example.onestoplogin",
            "certificate_hash": "8d4cd827caa53ecf106126442500561a81ff91fd"
          }
        },
        {
          "client_id": "461428850551-db8f2covku1ubp1tcgpqr4eo9d9dsetm.apps.googleusercontent.com",
          "client_type": 3
        }
      ],
      "api_key": [
        {
          "current_key": "AIzaSyBRmAOBJO31hStMW8sbOZ_f3aZi4kNsrTY"
        }
      ],
      "services": {
        "appinvite_service": {
          "other_platform_oauth_client": [
            {
              "client_id": "461428850551-db8f2covku1ubp1tcgpqr4eo9d9dsetm.apps.googleusercontent.com",
              "client_type": 3
            }
          ]
        }
      }
    }
  ],
  "configuration_version": "1"
}